
SET IDENTITY_INSERT ROLE ON;
INSERT INTO ROLE (ROL_ID, ROL_LIBELLE) VALUES
(1, 'Gestionnaire'),
(2, 'Voyageur');
SET IDENTITY_INSERT ROLE OFF;

SET IDENTITY_INSERT TYPE_TRANSPORT ON;
INSERT INTO TYPE_TRANSPORT (TYP_ID, TYP_LIBELLE) VALUES
(1, 'Avion'),
(2, 'Train'),
(3, 'Bus');
SET IDENTITY_INSERT TYPE_TRANSPORT OFF;

SET IDENTITY_INSERT UTILISATEUR ON;
INSERT INTO UTILISATEUR (UTI_ID, UTI_NOM, UTI_PRENOM, UTI_LOGIN, UTI_MOTDEPASSE, ROL_ID) VALUES
(1, 'Back', 'Office', 'bocba@cba.fr', 'f4f263e439cf40925e6a412387a9472a6773c2580212a4fb50d224d3a817de17', 1),
(2, 'Front', 'Office', 'focba@cba.fr', 'f4f263e439cf40925e6a412387a9472a6773c2580212a4fb50d224d3a817de17', 2);
SET IDENTITY_INSERT UTILISATEUR OFF;

SET IDENTITY_INSERT LIEU ON;
INSERT INTO LIEU (LIE_ID, LIE_NOM, LIE_VILLE, LIE_PAYS, LIE_LATITUDE, LIE_LONGITUDE) VALUES
(1, 'Aéroport Paris-Orly', 'Paris', 'France', 48.7305771949, 2.3750596182),
(2, 'Musée du Louvre', 'Paris', 'France', 48.8607804733, 2.338158981),
(3, 'Opéra de Sydney', 'Sydney', 'Australie', -33.8566061125, 151.2160047778),
(4, 'Aéroport Kingsford-Smith de Sydney', 'Sydney', 'France', -33.9450872523, 151.1973635403);
SET IDENTITY_INSERT LIEU OFF;

SET IDENTITY_INSERT TRANSPORT ON;
INSERT INTO TRANSPORT (TRA_ID, TRA_COMPAGNIE, TYP_ID) VALUES
(1, 'Jack Hoff Airlines', 1),
(2, 'Ben Dover Bus Company', 3),
(3, 'Hugh Jass Train Company', 2),
(4, 'Mike Rotch Bus Company', 3);
SET IDENTITY_INSERT TRANSPORT OFF;

SET IDENTITY_INSERT TRAJET ON;
INSERT INTO TRAJET (TRJ_ID, LIE_ID_DEPART, LIE_ID_ARRIVEE, TRA_ID) VALUES
(1, 1, 2, 2),
(2, 1, 4, 1),
(3, 4, 1, 1),
(4, 2, 1, 2),
(5, 4, 3, 4),
(6, 3, 4, 4);
SET IDENTITY_INSERT TRAJET OFF;
